{
  "3-Seleccionar Vuelo" : {
    "transaction" : "3-Seleccionar Vuelo",
    "sampleCount" : 20,
    "errorCount" : 3,
    "errorPct" : 15.0,
    "meanResTime" : 371.3499999999999,
    "medianResTime" : 283.5,
    "minResTime" : 255.0,
    "maxResTime" : 636.0,
    "pct1ResTime" : 629.4,
    "pct2ResTime" : 635.7,
    "pct3ResTime" : 636.0,
    "throughput" : 0.3382892711557653,
    "receivedKBytesPerSec" : 0.5744310397320749,
    "sentKBytesPerSec" : 0.19887709105055731
  },
  "4-Llenar Formulario Datos Personales" : {
    "transaction" : "4-Llenar Formulario Datos Personales",
    "sampleCount" : 20,
    "errorCount" : 12,
    "errorPct" : 60.0,
    "meanResTime" : 606.05,
    "medianResTime" : 626.5,
    "minResTime" : 273.0,
    "maxResTime" : 915.0,
    "pct1ResTime" : 855.1,
    "pct2ResTime" : 912.15,
    "pct3ResTime" : 915.0,
    "throughput" : 0.31682164525480383,
    "receivedKBytesPerSec" : 0.4647439388058992,
    "sentKBytesPerSec" : 0.22901502130625565
  },
  "Total" : {
    "transaction" : "Total",
    "sampleCount" : 80,
    "errorCount" : 26,
    "errorPct" : 32.5,
    "meanResTime" : 504.5375000000001,
    "medianResTime" : 545.5,
    "minResTime" : 253.0,
    "maxResTime" : 1877.0,
    "pct1ResTime" : 741.9000000000001,
    "pct2ResTime" : 856.5500000000001,
    "pct3ResTime" : 1877.0,
    "throughput" : 0.6907568104304278,
    "receivedKBytesPerSec" : 1.0461272422613652,
    "sentKBytesPerSec" : 0.3836938220437767
  },
  "1-Home Blazedemo" : {
    "transaction" : "1-Home Blazedemo",
    "sampleCount" : 20,
    "errorCount" : 10,
    "errorPct" : 50.0,
    "meanResTime" : 716.8499999999999,
    "medianResTime" : 603.0,
    "minResTime" : 562.0,
    "maxResTime" : 1877.0,
    "pct1ResTime" : 1373.2000000000014,
    "pct2ResTime" : 1855.1999999999998,
    "pct3ResTime" : 1877.0,
    "throughput" : 0.737164129593454,
    "receivedKBytesPerSec" : 1.0433320049021415,
    "sentKBytesPerSec" : 0.28003598282407577
  },
  "2-Seleccionar Ciudades" : {
    "transaction" : "2-Seleccionar Ciudades",
    "sampleCount" : 20,
    "errorCount" : 1,
    "errorPct" : 5.0,
    "meanResTime" : 323.90000000000003,
    "medianResTime" : 283.5,
    "minResTime" : 253.0,
    "maxResTime" : 713.0,
    "pct1ResTime" : 459.5000000000002,
    "pct2ResTime" : 700.8499999999998,
    "pct3ResTime" : 713.0,
    "throughput" : 0.45061283345349673,
    "receivedKBytesPerSec" : 0.6658200660711067,
    "sentKBytesPerSec" : 0.23938806777217014
  }
}