{
  "12- Confirm order/index.php-200-0" : {
    "transaction" : "12- Confirm order/index.php-200-0",
    "sampleCount" : 5,
    "errorCount" : 0,
    "errorPct" : 0.0,
    "meanResTime" : 847.2,
    "medianResTime" : 789.0,
    "minResTime" : 559.0,
    "maxResTime" : 1463.0,
    "pct1ResTime" : 1463.0,
    "pct2ResTime" : 1463.0,
    "pct3ResTime" : 1463.0,
    "throughput" : 0.21765627720703465,
    "receivedKBytesPerSec" : 0.12842570575047885,
    "sentKBytesPerSec" : 0.12306932080358697
  },
  "5- add to cart/index.php?rand=1654776817671-191" : {
    "transaction" : "5- add to cart/index.php?rand=1654776817671-191",
    "sampleCount" : 5,
    "errorCount" : 1,
    "errorPct" : 20.0,
    "meanResTime" : 13939.0,
    "medianResTime" : 17278.0,
    "minResTime" : 184.0,
    "maxResTime" : 18793.0,
    "pct1ResTime" : 18793.0,
    "pct2ResTime" : 18793.0,
    "pct3ResTime" : 18793.0,
    "throughput" : 0.11879024019386566,
    "receivedKBytesPerSec" : 7.70440552166734,
    "sentKBytesPerSec" : 0.12500816682901333
  },
  "9- Address cart/index.php?controller=order-196" : {
    "transaction" : "9- Address cart/index.php?controller=order-196",
    "sampleCount" : 5,
    "errorCount" : 0,
    "errorPct" : 0.0,
    "meanResTime" : 2654.4,
    "medianResTime" : 2055.0,
    "minResTime" : 1008.0,
    "maxResTime" : 6785.0,
    "pct1ResTime" : 6785.0,
    "pct2ResTime" : 6785.0,
    "pct3ResTime" : 6785.0,
    "throughput" : 0.1296277092191227,
    "receivedKBytesPerSec" : 3.3957902591257905,
    "sentKBytesPerSec" : 0.08152367650108887
  },
  "6- ingtresed  to cart/index.php-192" : {
    "transaction" : "6- ingtresed  to cart/index.php-192",
    "sampleCount" : 5,
    "errorCount" : 0,
    "errorPct" : 0.0,
    "meanResTime" : 3519.4,
    "medianResTime" : 3058.0,
    "minResTime" : 1087.0,
    "maxResTime" : 6951.0,
    "pct1ResTime" : 6951.0,
    "pct2ResTime" : 6951.0,
    "pct3ResTime" : 6951.0,
    "throughput" : 0.1229256299938537,
    "receivedKBytesPerSec" : 3.2206034880147514,
    "sentKBytesPerSec" : 0.052819606637984025
  },
  "3-Ingresed/index.php?controller=authentication-184" : {
    "transaction" : "3-Ingresed/index.php?controller=authentication-184",
    "sampleCount" : 5,
    "errorCount" : 5,
    "errorPct" : 100.0,
    "meanResTime" : 16659.4,
    "medianResTime" : 16372.0,
    "minResTime" : 10937.0,
    "maxResTime" : 22568.0,
    "pct1ResTime" : 22568.0,
    "pct2ResTime" : 22568.0,
    "pct3ResTime" : 22568.0,
    "throughput" : 0.08233976681378039,
    "receivedKBytesPerSec" : 3.023381148722087,
    "sentKBytesPerSec" : 0.14835631813615704
  },
  "5- add to cart/index.php?rand=1654776817671-191-0" : {
    "transaction" : "5- add to cart/index.php?rand=1654776817671-191-0",
    "sampleCount" : 4,
    "errorCount" : 0,
    "errorPct" : 0.0,
    "meanResTime" : 6845.5,
    "medianResTime" : 6852.0,
    "minResTime" : 6477.0,
    "maxResTime" : 7201.0,
    "pct1ResTime" : 7201.0,
    "pct2ResTime" : 7201.0,
    "pct3ResTime" : 7201.0,
    "throughput" : 0.11597564511452596,
    "receivedKBytesPerSec" : 0.06948345534937662,
    "sentKBytesPerSec" : 0.07429689765149318
  },
  "2-Sign in/index.php-183" : {
    "transaction" : "2-Sign in/index.php-183",
    "sampleCount" : 5,
    "errorCount" : 5,
    "errorPct" : 100.0,
    "meanResTime" : 9294.2,
    "medianResTime" : 10312.0,
    "minResTime" : 184.0,
    "maxResTime" : 14169.0,
    "pct1ResTime" : 14169.0,
    "pct2ResTime" : 14169.0,
    "pct3ResTime" : 14169.0,
    "throughput" : 0.18109380659181457,
    "receivedKBytesPerSec" : 5.0468226525715325,
    "sentKBytesPerSec" : 0.08913210793190873
  },
  "8- continue cart/index.php-195" : {
    "transaction" : "8- continue cart/index.php-195",
    "sampleCount" : 5,
    "errorCount" : 0,
    "errorPct" : 0.0,
    "meanResTime" : 5115.4,
    "medianResTime" : 5458.0,
    "minResTime" : 1807.0,
    "maxResTime" : 7503.0,
    "pct1ResTime" : 7503.0,
    "pct2ResTime" : 7503.0,
    "pct3ResTime" : 7503.0,
    "throughput" : 0.1386193512614361,
    "receivedKBytesPerSec" : 3.6195082911699474,
    "sentKBytesPerSec" : 0.06281189354033823
  },
  "1-Home/index.php-149" : {
    "transaction" : "1-Home/index.php-149",
    "sampleCount" : 5,
    "errorCount" : 5,
    "errorPct" : 100.0,
    "meanResTime" : 11172.2,
    "medianResTime" : 10987.0,
    "minResTime" : 9248.0,
    "maxResTime" : 12649.0,
    "pct1ResTime" : 12649.0,
    "pct2ResTime" : 12649.0,
    "pct3ResTime" : 12649.0,
    "throughput" : 0.1853018567246044,
    "receivedKBytesPerSec" : 6.4311687567171925,
    "sentKBytesPerSec" : 0.10839434783011526
  },
  "11- Payment/index.php-198" : {
    "transaction" : "11- Payment/index.php-198",
    "sampleCount" : 5,
    "errorCount" : 0,
    "errorPct" : 0.0,
    "meanResTime" : 1925.4,
    "medianResTime" : 2160.0,
    "minResTime" : 1415.0,
    "maxResTime" : 2305.0,
    "pct1ResTime" : 2305.0,
    "pct2ResTime" : 2305.0,
    "pct3ResTime" : 2305.0,
    "throughput" : 0.3073896471166851,
    "receivedKBytesPerSec" : 8.06303456980819,
    "sentKBytesPerSec" : 0.15039278633345632
  },
  "3-Ingresed/index.php?controller=authentication-184-1" : {
    "transaction" : "3-Ingresed/index.php?controller=authentication-184-1",
    "sampleCount" : 5,
    "errorCount" : 0,
    "errorPct" : 0.0,
    "meanResTime" : 4153.8,
    "medianResTime" : 4602.0,
    "minResTime" : 2381.0,
    "maxResTime" : 6493.0,
    "pct1ResTime" : 6493.0,
    "pct2ResTime" : 6493.0,
    "pct3ResTime" : 6493.0,
    "throughput" : 0.11850306922949304,
    "receivedKBytesPerSec" : 0.06677370209513427,
    "sentKBytesPerSec" : 0.06654225078804542
  },
  "3-Ingresed/index.php?controller=authentication-184-2" : {
    "transaction" : "3-Ingresed/index.php?controller=authentication-184-2",
    "sampleCount" : 5,
    "errorCount" : 0,
    "errorPct" : 0.0,
    "meanResTime" : 6786.4,
    "medianResTime" : 6701.0,
    "minResTime" : 3722.0,
    "maxResTime" : 10707.0,
    "pct1ResTime" : 10707.0,
    "pct2ResTime" : 10707.0,
    "pct3ResTime" : 10707.0,
    "throughput" : 0.10774468818687238,
    "receivedKBytesPerSec" : 3.736846730487437,
    "sentKBytesPerSec" : 0.06260555612420808
  },
  "4-My Store/index.php-187" : {
    "transaction" : "4-My Store/index.php-187",
    "sampleCount" : 5,
    "errorCount" : 0,
    "errorPct" : 0.0,
    "meanResTime" : 10261.2,
    "medianResTime" : 10503.0,
    "minResTime" : 7514.0,
    "maxResTime" : 12150.0,
    "pct1ResTime" : 12150.0,
    "pct2ResTime" : 12150.0,
    "pct3ResTime" : 12150.0,
    "throughput" : 0.11843289592117107,
    "receivedKBytesPerSec" : 9.519044009664123,
    "sentKBytesPerSec" : 0.05146742059074328
  },
  "5- add to cart/index.php?rand=1654776817671-191-1" : {
    "transaction" : "5- add to cart/index.php?rand=1654776817671-191-1",
    "sampleCount" : 4,
    "errorCount" : 0,
    "errorPct" : 0.0,
    "meanResTime" : 10532.5,
    "medianResTime" : 11302.5,
    "minResTime" : 7602.0,
    "maxResTime" : 11923.0,
    "pct1ResTime" : 11923.0,
    "pct2ResTime" : 11923.0,
    "pct3ResTime" : 11923.0,
    "throughput" : 0.11395362087630334,
    "receivedKBytesPerSec" : 9.156407131360037,
    "sentKBytesPerSec" : 0.0586460529314569
  },
  "Total" : {
    "transaction" : "Total",
    "sampleCount" : 104,
    "errorCount" : 16,
    "errorPct" : 15.384615,
    "meanResTime" : 5614.5769230769265,
    "medianResTime" : 3221.0,
    "minResTime" : 184.0,
    "maxResTime" : 22568.0,
    "pct1ResTime" : 12275.5,
    "pct2ResTime" : 17051.5,
    "pct3ResTime" : 22490.550000000003,
    "throughput" : 0.2614740600133251,
    "receivedKBytesPerSec" : 8.131272175797307,
    "sentKBytesPerSec" : 0.18372618606142127
  },
  "3-Ingresed/index.php?controller=authentication-184-0" : {
    "transaction" : "3-Ingresed/index.php?controller=authentication-184-0",
    "sampleCount" : 5,
    "errorCount" : 0,
    "errorPct" : 0.0,
    "meanResTime" : 5718.0,
    "medianResTime" : 7258.0,
    "minResTime" : 2752.0,
    "maxResTime" : 7821.0,